日期,上傳此GPX用戶,總距離水平(km),總爬升高度(m),總下降高度(m),總花費時間(HH:MM:SS),起始到折返點時間(HH:MM:SS),折返到結束時間(HH:MM:SS),上山水平速度(km/h),上山垂直速度(m/h),下山水平速度(km/h),下山垂直速度(m/h),全程平均水平速度(km/h),全程平均垂直速度(m/h),最高海拔(m),最低海拔(m)
2023-05-20,no.1,17.08,2760,2754,10:12:27,04:59:16,05:13:11,1.79,409.2,1.56,411.8,1.67,270.4,3332,1879
2021-05-13,no.2,12.51,2269,2269,10:19:25,05:09:37,05:09:48,1.22,366.6,1.21,347.6,1.21,219.8,3310,1872
2023-11-06,no.3,15.25,5234,5320,08:51:16,04:54:35,03:56:41,1.69,942.1,1.76,515.5,1.72,591.2,3320,1891
2022-09-24,no.4,16.34,2589,2593,09:41:22,06:27:56,03:13:26,1.39,351.0,2.29,541.0,1.69,267.3,3322,1889
2023-05-03,no.5,30.3,4638,4639,14:24:23,10:51:11,03:33:12,1.84,373.0,2.91,625.5,2.1,321.9,3533,1891
2023-05-20,no.6,14.81,2380,2366,10:02:20,06:05:04,03:57:16,1.21,327.3,1.88,456.1,1.48,237.1,3319,1890
2024-01-26,no.7,12.93,2824,2825,08:55:45,04:56:56,03:58:49,1.32,433.3,1.6,533.8,1.45,316.3,3344,1882
2024-02-13,no.8,14.45,2671,2651,10:08:11,05:58:53,04:09:18,1.39,357.7,1.48,463.4,1.43,263.5,3318,1888
2024-09-19,no.9,14.79,4049,4055,08:26:07,05:08:35,03:17:32,1.63,662.1,1.95,627.8,1.75,480.1,3319,1886
2021-11-26,no.10,16.16,7752,7278,12:49:12,06:10:50,06:38:22,1.27,790.0,1.25,577.4,1.26,604.7,3357,1917
2024-08-24,no.11,13.02,2718,2718,12:07:58,07:33:18,04:34:40,0.81,261.9,1.5,471.4,1.07,224.1,3310,1871
2017-04-29,no.12,14.95,2008,1917,10:51:35,06:10:34,04:41:01,1.38,300.3,1.37,332.8,1.38,185.0,3331,1834
2017-12-22,no.13,26.96,3440,3380,33:24:59,09:03:37,24:21:22,1.07,226.5,0.71,111.5,0.81,102.9,3281,1874
2018-12-28,no.14,23.39,2245,2245,13:02:57,06:16:56,06:46:01,1.89,301.5,1.7,286.1,1.79,172.1,3490,1887
2019-06-14,no.15,18.82,2313,2253,12:06:05,04:29:05,07:37:00,1.35,332.1,1.68,287.7,1.56,191.2,3325,1894
2019-06-28,no.16,19.26,2064,2064,10:22:10,03:52:39,06:29:31,1.62,381.9,2.0,305.6,1.86,199.1,3306,1887
2019-06-28,no.17,18.82,2049,2049,10:22:56,04:05:17,06:17:39,1.56,358.9,1.98,315.1,1.81,197.4,3306,1887
2019-09-13,no.18,11.39,1552,1576,12:31:58,08:21:33,04:10:25,0.69,178.4,1.35,355.4,0.91,123.8,3325,1897
2019-12-26,no.19,13.87,2091,2111,11:57:37,08:50:28,03:07:09,1.02,217.1,1.56,517.7,1.16,174.9,3324,1878
2020-02-28,no.20,19.49,2622,2636,30:46:08,21:16:46,09:29:22,0.33,79.3,1.32,249.0,0.63,85.2,3322,1885
2020-04-18,no.21,20.07,2734,2292,28:14:35,06:46:18,21:28:17,1.04,250.2,0.61,102.0,0.71,96.8,3399,1808
2020-07-15,no.22,13.79,1481,1482,07:50:30,04:24:26,03:26:04,1.53,326.9,2.05,421.8,1.76,188.9,3304,1887
2020-10-30,no.23,14.69,4516,4046,07:02:51,04:58:47,02:04:04,1.89,830.4,2.55,832.9,2.08,640.9,3320,367
2020-12-18,no.24,24.51,2869,2869,16:13:34,06:45:47,09:27:47,1.66,300.3,1.41,261.8,1.51,176.8,3512,1859
2020-03-21,no.25,13.15,2711,2716,12:13:13,06:43:34,05:29:39,0.99,309.1,1.19,376.0,1.08,221.8,3352,1907
2020-07-11,no.26,17.84,4169,4176,13:38:20,09:40:56,03:57:24,1.22,278.0,1.52,730.0,1.31,305.7,3306,1848
2021-08-25,no.27,17.89,2299,2276,12:31:37,05:05:12,07:26:25,1.33,330.3,1.5,270.8,1.43,183.5,3300,1878
2021-03-12,no.28,15.32,2311,2356,11:51:24,06:17:15,05:34:09,1.17,304.7,1.43,324.8,1.29,194.9,3309,1872
2021-12-24,no.29,17.42,2148,2146,12:02:02,05:16:28,06:45:34,1.13,289.1,1.69,297.8,1.45,178.5,3287,1875
2021-04-16,no.30,27.32,4729,4734,12:32:55,07:39:14,04:53:41,2.27,461.2,2.03,537.2,2.18,376.9,3327,1888
2021-12-13,no.31,29.22,3964,3707,67:11:48,49:13:56,17:57:52,0.39,73.7,0.55,104.9,0.43,59.0,3696,1872
2021-02-28,no.32,35.12,4561,4561,-18:13:06,-14:10:24,-4:02:42,-1.26,-178.7,-4.47,-614.4,-1.97,-256.5,3509,1872
2021-03-20,no.33,13.29,1547,1610,10:07:34,06:33:59,03:33:35,1.03,224.4,1.84,409.2,1.31,152.8,3207,1814
2021-03-20,no.34,18.03,3806,3799,11:16:23,06:46:27,04:29:55,1.35,372.0,1.98,601.9,1.6,337.7,3317,1886
2021-04-18,no.35,18.84,3231,3233,10:42:18,04:39:16,06:03:02,1.87,482.1,1.68,399.1,1.76,301.9,3321,1888
2022-08-13,no.36,7.85,3730,2183,04:37:05,04:16:14,00:20:51,1.8,870.8,0.45,75.4,1.7,807.9,3306,1745
2021-09-26,no.37,30.18,3815,3816,32:26:52,08:33:14,23:53:38,1.39,271.5,0.77,129.9,0.93,117.6,3517,1890
2021-12-04,no.38,16.94,2865,2873,11:35:15,05:44:38,05:50:37,1.47,387.5,1.45,352.2,1.46,247.3,3313,1887
2021-12-09,no.39,12.44,3203,3203,09:53:42,05:48:30,04:05:12,1.07,376.2,1.53,596.1,1.26,323.7,3310,1872
2021-04-29,no.40,28.33,3386,3392,33:34:39,08:29:41,25:04:58,1.26,237.4,0.7,119.7,0.84,100.9,3532,1895
2021-12-03,no.41,13.09,5118,3934,09:24:17,09:12:06,00:12:11,1.03,525.1,17.93,2551.6,1.39,544.3,3306,1886
2022-12-23,no.42,16.58,2718,2707,11:40:10,05:22:35,06:17:35,1.51,397.4,1.35,317.2,1.42,232.9,3324,1880
2022-04-03,no.43,14.61,2507,2415,09:10:09,05:15:28,03:54:41,1.54,385.1,1.67,464.6,1.59,273.5,3317,1888
2022-04-13,no.44,15.57,2885,2890,09:06:05,04:37:39,04:28:26,1.71,464.4,1.71,483.4,1.71,317.0,3323,1887
2022-07-03,no.45,23.62,3343,3338,12:28:36,05:16:52,07:11:44,1.52,376.8,2.17,385.2,1.89,268.0,3320,1886
2022-07-22,no.46,18.75,2322,2330,12:55:15,10:31:52,02:23:23,1.11,193.7,2.93,702.6,1.45,179.7,3287,1872
2022-08-05,no.47,14.3,2282,2274,08:18:08,04:39:20,03:38:48,1.61,409.0,1.87,490.4,1.72,274.9,3321,1889
2022-10-01,no.48,19.56,2747,4023,09:43:38,06:57:55,02:45:43,1.8,324.4,2.53,694.5,2.01,282.4,3330,1889
2022-11-20,no.49,17.63,4151,4136,10:48:04,06:20:49,04:27:15,1.41,508.4,1.95,526.2,1.63,384.3,3327,1885
2022-11-20,no.50,16.53,3346,3341,11:31:31,06:41:04,04:50:27,1.31,366.2,1.61,479.5,1.43,290.3,3325,1887
2022-12-10,no.51,15.78,3717,3714,11:58:46,06:06:29,05:52:17,1.33,390.0,1.3,469.3,1.32,310.3,3326,1895
2023-05-26,no.52,29.18,8046,8049,56:33:39,47:45:49,08:47:50,0.37,141.3,1.29,332.4,0.52,142.3,3524,1875
2023-04-21,no.53,14.02,2441,2429,10:18:06,05:28:35,04:49:31,1.25,354.1,1.49,399.1,1.36,237.0,3329,1877
2023-12-23,no.54,14.84,1823,1831,28:42:31,07:52:39,20:49:52,1.01,216.4,0.33,73.6,0.52,63.5,3304,1883
2023-04-29,no.55,16.0,2836,2791,15:07:21,12:09:46,02:57:35,0.94,218.0,1.56,528.7,1.06,187.6,3317,1880
2023-06-22,no.56,14.13,1820,1822,31:51:43,28:09:12,03:42:31,0.33,62.2,1.34,399.9,0.44,57.1,3308,1872
2023-07-13,no.57,15.84,2470,2462,08:42:34,04:29:44,04:12:50,1.8,435.9,1.83,460.7,1.82,283.6,3331,1888
2023-10-14,no.58,18.47,2411,2119,30:09:50,26:57:14,03:12:36,0.44,84.3,2.02,494.7,0.61,79.9,3310,1570
2023-10-25,no.59,9.18,1519,1527,10:50:08,06:06:42,04:43:26,0.79,244.0,0.92,305.5,0.85,140.2,3308,1882
2023-11-17,no.60,22.35,1956,2029,11:44:00,06:27:31,05:16:29,1.83,263.9,1.99,312.2,1.9,166.8,3327,1810
2023-11-18,no.61,13.37,2002,2125,10:38:06,05:40:00,04:58:06,0.93,293.4,1.64,377.8,1.26,188.3,3310,1773
2023-11-18,no.62,29.76,3474,3473,16:41:31,04:48:16,11:53:15,2.07,412.8,1.67,259.2,1.78,208.1,3490,1879
2023-11-21,no.63,17.13,2161,2161,21:55:10,16:37:31,05:17:39,0.71,124.3,1.0,280.7,0.78,98.6,3286,1876
2023-11-25,no.64,15.8,3113,3123,07:49:04,05:38:05,02:10:59,1.69,471.8,2.86,860.9,2.02,398.3,3320,1885
2023-10-22,no.65,47.3,5662,5659,57:14:11,26:05:12,31:08:59,0.68,115.7,0.95,136.7,0.83,98.9,3510,1871
2023-12-01,no.66,11.16,2173,2174,07:47:14,04:44:12,03:03:02,1.15,371.6,1.88,599.6,1.43,279.1,3310,1871
2023-12-30,no.67,12.88,2773,2809,12:58:21,05:51:52,07:06:29,0.97,333.7,1.01,316.3,0.99,213.8,3310,1871
2024-07-05,no.68,29.89,3637,3635,13:58:28,09:56:44,04:01:44,1.94,320.2,2.62,512.5,2.14,260.3,3509,1872
2024-12-06,no.69,13.37,2644,2544,09:07:17,05:01:57,04:05:20,1.48,404.1,1.44,479.7,1.47,290.0,3337,1885
2024-04-20,no.70,19.14,3831,3873,09:37:48,03:05:59,06:31:49,1.9,582.3,2.03,530.0,1.99,397.9,3327,1886
2024-06-26,no.71,19.58,2657,2657,28:34:11,03:51:10,24:43:01,1.56,426.7,0.55,98.3,0.69,93.0,3309,1872
2024-06-27,no.72,35.19,6429,6432,54:21:13,22:51:16,31:29:57,0.76,166.5,0.56,135.3,0.65,118.3,3537,1888
2024-08-13,no.73,4.73,1253,264,03:23:03,03:23:03,00:00:00,1.4,370.4,0,0,1.4,370.4,2944,1955
2024-09-01,no.74,10.34,2420,997,05:40:07,05:34:35,00:05:32,1.84,427.2,0.73,495.3,1.82,427.0,3323,1888
2025-02-27,no.75,8.69,2801,1791,10:32:43,08:18:50,02:13:53,0.83,309.1,0.78,301.6,0.82,265.6,3368,1896
2025-02-28,no.76,7.74,2069,2086,09:36:16,00:00:21,09:35:55,7.28,3257.1,0.8,217.2,0.81,215.4,2941,2041
2025-03-01,no.77,10.53,2064,3003,07:30:19,02:32:32,04:57:47,0.65,252.9,1.79,568.2,1.4,275.0,3350,1896
2025-05-16,no.78,13.05,2408,2414,08:52:27,04:59:56,03:52:31,1.38,416.0,1.58,454.3,1.47,271.4,3325,1880
2024-12-20,no.79,16.77,3116,3121,11:08:03,05:30:47,05:37:16,1.47,398.1,1.54,417.2,1.51,279.9,3330,1886
2021-02-25,no.80,21.74,8323,8124,10:46:43,06:29:36,04:17:07,2.09,1047.8,1.91,678.7,2.02,772.2,3292,1704
2023-09-13,no.81,19.26,3047,3045,10:10:00,08:28:01,01:41:59,1.6,329.0,3.39,993.7,1.89,299.8,3332,1883
2025-05-16,no.82,10.49,2159,2175,08:06:43,05:19:57,02:46:46,0.94,308.0,1.96,703.0,1.29,266.2,3313,1871
2023-10-22,no.83,23.48,5783,5782,12:01:47,06:56:13,05:05:34,1.83,543.7,2.12,676.8,1.95,480.8,3333,1884
2020-08-14,no.84,5.59,1675,298,07:42:05,07:22:46,00:19:19,0.72,227.0,0.82,170.8,0.73,217.5,3337,1870
2022-12-24,no.85,26.77,3053,2997,11:04:00,06:10:58,04:53:02,2.5,394.0,2.31,441.4,2.42,275.9,3319,1725
2023-09-29,no.86,16.35,2419,2431,13:43:00,04:33:21,09:09:39,1.16,331.9,1.21,255.1,1.19,176.4,3310,1878
2020-08-07,no.87,21.41,3583,3570,11:46:45,05:17:19,06:29:26,2.18,507.6,1.52,356.3,1.82,304.3,3319,1888
2022-11-19,no.88,19.66,2297,2292,12:41:38,10:11:39,02:29:59,1.33,219.3,2.44,571.9,1.55,181.0,3156,1777
2021-11-13,no.89,19.47,2349,2329,10:30:20,08:00:45,02:29:35,1.65,285.2,2.51,587.2,1.85,223.7,3299,1868
2023-11-03,no.90,29.31,3255,3239,10:02:08,07:28:40,02:33:28,2.53,395.1,4.06,752.9,2.92,324.4,3529,1879
2022-07-18,no.91,21.38,4406,4403,12:21:00,04:44:13,07:36:47,1.61,561.2,1.81,418.1,1.73,356.8,3341,1896
2020-08-07,no.92,31.68,5056,5060,15:58:12,07:41:05,08:17:07,2.15,448.6,1.83,391.1,1.98,316.6,3522,1890
2024-07-18,no.93,29.68,4917,4919,13:04:34,05:43:03,07:21:31,2.33,454.6,2.23,536.3,2.27,376.0,3527,1883
2022-11-04,no.94,25.03,5045,5048,13:30:41,08:19:19,05:11:22,2.03,509.7,1.57,431.8,1.85,373.4,3336,1891
2022-04-15,no.95,17.68,3466,3497,11:39:29,08:52:31,02:46:58,1.38,355.6,1.97,630.6,1.52,297.3,3346,1857
2022-12-23,no.96,20.97,2666,2663,10:26:39,04:07:08,06:19:31,1.8,388.1,2.14,391.9,2.01,255.3,3291,1860
2023-09-09,no.97,27.49,4742,4746,13:48:20,04:40:12,09:08:08,1.81,435.3,2.08,453.9,1.99,343.5,3335,1885
2020-09-13,no.98,11.42,1755,1753,09:34:58,05:19:47,04:15:11,1.0,290.6,1.43,381.8,1.19,183.1,3309,1872
2022-01-15,no.99,14.9,2728,2743,09:20:32,05:20:25,04:00:07,1.51,392.6,1.71,513.4,1.59,292.1,3319,1882
2024-11-22,no.100,12.45,1926,1937,05:58:24,03:38:48,02:19:36,1.85,479.6,2.46,690.7,2.09,322.4,3311,1871
2022-07-09,no.101,25.57,2686,2672,13:20:31,07:16:16,06:04:15,1.86,310.9,1.99,300.9,1.92,201.3,3276,1855
2019-11-22,no.102,33.15,3643,3656,16:42:55,06:45:23,09:57:32,1.89,290.7,2.05,322.8,1.98,218.0,3345,1803
2020-06-16,no.103,25.6,2867,3244,14:30:01,04:12:31,10:17:30,1.74,354.0,1.78,292.0,1.77,197.7,3463,1823
2021-09-18,no.104,16.23,2753,2163,54:14:38,49:41:05,04:33:33,0.25,54.0,0.88,321.5,0.3,50.8,3323,1338
2024-09-23,no.105,21.27,3472,3473,12:31:56,08:22:19,04:09:37,1.53,326.1,2.03,520.3,1.7,277.1,3333,1889
2025-05-22,no.106,13.44,3011,3016,07:29:56,03:30:57,03:58:59,1.82,603.1,1.77,581.7,1.79,401.6,3313,1871
2024-03-26,no.107,13.83,2399,2422,14:56:26,06:05:10,08:51:16,0.85,272.1,0.98,245.2,0.93,160.6,3319,1882
2024-12-21,no.108,30.65,4859,4858,15:18:39,05:29:24,09:49:15,1.96,433.9,2.02,417.4,2.0,317.4,3520,1889
2018-12-28,no.109,28.52,3091,3091,13:02:59,06:16:57,06:46:02,2.57,434.6,1.83,287.5,2.19,236.9,3490,1887
2022-05-29,no.110,11.54,2023,2163,09:35:11,00:00:00,09:35:11,0,0,1.2,225.6,1.2,211.0,3309,3070
2023-11-04,no.111,28.72,4417,4330,12:12:55,04:32:14,07:40:41,2.31,503.8,2.38,478.5,2.35,361.6,3529,1888
2023-11-17,no.112,16.14,4297,4302,10:02:45,06:28:36,03:34:09,1.42,518.7,1.94,663.2,1.61,427.8,3324,1878
2020-08-16,no.113,17.79,6691,6692,12:26:49,07:58:53,04:27:56,1.33,651.3,1.6,652.2,1.43,537.6,3320,1901
2024-08-24,no.114,13.52,2739,2734,08:55:58,05:34:24,03:21:34,1.24,375.6,1.96,618.5,1.51,306.6,3333,1884
2022-06-03,no.115,30.27,4108,4108,16:56:04,11:59:21,04:56:43,1.79,300.8,1.78,391.7,1.79,242.6,3333,1889
2022-01-14,no.116,12.41,2383,957,07:29:08,07:27:04,00:02:04,1.66,319.2,0.65,175.5,1.66,318.4,3330,1888
2022-08-12,no.117,21.35,3157,3168,10:13:24,03:50:50,06:22:34,1.99,504.1,2.15,416.1,2.09,308.8,3332,1887
2022-08-06,no.118,13.82,1598,1579,09:34:50,04:11:41,05:23:09,1.74,341.4,1.21,280.8,1.44,166.8,3319,1954
2022-11-26,no.119,7.14,3186,1799,06:32:55,06:32:49,00:00:06,1.09,486.7,0.88,23819.4,1.09,486.6,3330,1903
2023-05-21,no.120,13.58,2444,2449,09:30:45,05:48:03,03:42:42,1.26,350.5,1.7,497.4,1.43,257.0,3331,1879
2022-11-25,no.121,9.7,2389,2443,09:17:38,04:49:56,04:27:42,0.92,342.5,1.18,485.4,1.04,257.2,3344,1912
2023-11-25,no.122,17.78,2883,2883,12:24:00,05:39:10,06:44:50,1.55,374.2,1.34,325.7,1.43,232.6,3324,1876
2024-06-18,no.123,7.09,1105,1006,10:17:36,02:33:36,07:44:00,0.61,171.1,0.72,117.7,0.69,107.4,3511,3101
2023-08-25,no.124,15.3,2262,2175,11:17:19,08:48:46,02:28:33,1.26,247.9,1.7,539.3,1.36,200.4,3257,1904
2023-11-03,no.125,26.37,4865,4872,16:00:41,05:55:41,10:05:00,1.54,391.0,1.71,397.0,1.65,303.9,3344,1880
2024-03-23,no.126,19.62,2310,2312,11:01:01,04:15:18,06:45:43,1.47,337.2,1.98,329.8,1.78,209.7,3262,1900
2025-04-03,no.127,15.4,4085,4083,14:47:12,08:56:19,05:50:53,0.96,330.1,1.17,436.5,1.04,276.3,3313,1873
2023-12-21,no.128,14.33,3480,3493,09:25:07,05:15:38,04:09:29,1.46,513.0,1.61,533.2,1.52,369.6,3324,1880
2023-12-15,no.129,18.48,5822,5823,14:55:40,08:56:11,05:59:29,1.13,435.5,1.39,555.8,1.24,390.0,3306,1873
2023-12-04,no.130,17.93,4152,4222,10:00:58,04:44:07,05:16:51,1.66,590.4,1.9,528.0,1.79,414.6,3329,1887
2023-07-04,no.131,10.7,1640,1643,10:34:06,06:20:40,04:13:26,0.84,242.4,1.27,360.8,1.01,155.2,3309,1872
2023-11-04,no.132,10.7,3355,3352,07:52:30,04:44:26,03:08:04,1.17,622.7,1.64,585.4,1.36,426.1,3315,1865
2023-10-09,no.133,16.38,2385,2387,09:04:09,04:51:53,04:12:16,1.76,396.6,1.86,449.6,1.81,263.0,3332,1886
2023-09-25,no.134,14.56,2282,2277,08:51:52,05:42:37,03:09:15,1.34,349.9,2.2,545.1,1.64,257.5,3338,1889
2023-09-12,no.135,7.22,1578,1559,07:09:48,04:16:14,02:53:34,0.96,369.6,1.07,467.3,1.01,220.3,3311,1927
2023-05-09,no.136,10.01,2407,2453,08:26:45,04:40:52,03:45:53,0.88,374.9,1.57,549.0,1.18,285.0,3310,1872
2023-05-01,no.137,10.41,1263,2525,07:51:42,04:23:17,03:28:25,1.06,234.5,1.67,476.0,1.32,160.7,3329,1911
2025-04-03,no.138,16.67,3770,3792,10:49:43,05:49:07,05:00:36,1.57,500.6,1.5,454.7,1.54,348.2,3313,1871
2023-04-29,no.139,12.1,1761,1766,08:38:40,05:31:23,03:07:17,1.12,288.7,1.9,505.2,1.4,203.7,3300,1880
2023-04-29,no.140,15.59,3235,3150,11:39:14,05:49:20,05:49:54,1.4,394.8,1.27,393.7,1.34,277.6,3329,1883
2023-03-28,no.141,11.13,2099,2088,11:37:47,06:46:49,04:50:58,0.82,261.6,1.15,359.0,0.96,180.5,3308,1871
2023-03-28,no.142,11.13,2099,2088,11:37:47,06:46:49,04:50:58,0.82,261.6,1.15,359.0,0.96,180.5,3308,1871
2023-02-18,no.143,12.46,2226,2216,07:57:15,04:55:33,03:01:42,1.32,395.1,1.97,561.0,1.57,280.0,3327,1885
2022-12-09,no.144,15.55,2370,2377,09:09:14,05:47:35,03:21:39,1.5,351.8,2.04,524.0,1.7,259.0,3322,1885
2022-11-26,no.145,10.47,1653,1644,10:52:31,05:51:00,05:01:31,0.66,215.1,1.31,287.7,0.96,152.0,2973,1905
2022-11-26,no.146,14.02,3044,2952,09:00:19,05:19:43,03:40:36,1.43,417.5,1.73,585.4,1.56,338.0,3321,1885
2022-11-21,no.147,14.63,3206,3130,10:18:11,05:31:25,04:46:46,1.4,441.6,1.44,446.0,1.42,311.2,3335,1884
2022-11-18,no.148,18.05,3341,3341,12:30:49,06:04:08,06:26:41,0.97,285.1,1.88,468.0,1.44,267.0,3310,1872
2024-12-07,no.149,9.45,1834,1835,09:27:44,05:27:06,04:00:38,0.98,328.6,1.02,365.0,1.0,193.9,3313,1871
2022-11-05,no.150,16.62,3058,3062,10:18:38,05:38:08,04:40:30,1.54,408.9,1.7,471.8,1.61,296.6,3346,1886
2022-10-29,no.151,14.97,2232,2242,09:13:42,05:13:24,04:00:18,1.51,361.5,1.78,441.1,1.62,241.9,3314,1888
2022-10-02,no.152,18.63,2910,2922,10:42:33,07:00:55,03:41:38,1.41,325.6,2.37,558.6,1.74,271.8,3334,1886
2022-08-20,no.153,8.65,2192,761,06:34:57,06:26:55,00:08:02,1.33,336.2,0.37,206.1,1.31,333.1,3334,1886
2022-08-19,no.154,18.61,3211,3216,12:10:39,07:38:32,04:32:07,1.29,307.5,1.93,506.0,1.53,263.8,3330,1879
2022-07-29,no.155,5.59,1909,492,04:50:06,04:27:47,00:22:19,1.25,427.7,0.07,10.8,1.16,394.8,3310,1872
2022-07-23,no.156,16.17,2180,2170,10:05:43,06:03:44,04:01:59,1.45,308.2,1.83,428.0,1.6,216.0,3316,1886
2022-06-25,no.157,15.23,6702,6648,10:09:38,06:49:17,03:20:21,1.4,774.7,1.7,822.2,1.5,659.7,3291,1890
2022-06-20,no.158,19.94,3201,3394,13:44:38,06:24:49,07:19:49,1.14,390.9,1.73,314.9,1.45,232.9,3310,1696
2022-06-18,no.159,12.21,2128,2102,10:20:49,05:30:28,04:50:21,1.28,340.7,1.06,329.8,1.18,205.7,3322,1952
2024-10-20,no.160,15.12,2870,2866,09:02:46,04:41:15,04:21:31,1.64,424.6,1.7,532.4,1.67,317.3,3345,1900
2022-06-02,no.161,19.2,7114,7112,12:40:12,05:44:09,06:56:03,1.29,633.0,1.7,732.5,1.52,561.5,3491,1874
2022-04-21,no.162,25.89,5046,5048,14:37:21,06:07:24,08:29:57,1.61,424.4,1.89,455.9,1.77,345.1,3320,1885
2022-04-15,no.163,18.61,3837,3832,13:51:26,04:44:14,09:07:12,1.59,452.3,1.22,342.1,1.34,277.0,3332,1887
2022-04-10,no.164,13.72,3663,3662,05:21:09,03:02:35,02:18:34,2.24,886.9,2.99,1039.2,2.56,684.3,3330,1877
2022-04-07,no.165,11.45,2150,2177,11:30:17,06:48:24,04:41:53,0.86,264.2,1.19,379.7,0.99,186.9,3310,1872
2022-01-08,no.166,15.78,2605,2614,11:37:05,06:48:37,04:48:28,1.27,292.8,1.49,423.4,1.36,224.3,3316,1881
2022-01-01,no.167,2.92,1350,1377,02:02:05,00:34:45,01:27:20,1.37,980.7,1.46,729.2,1.44,663.7,2162,1867
2021-12-18,no.168,11.33,11698,11690,08:52:59,05:16:42,03:36:17,1.07,1319.8,1.58,1707.5,1.28,1317.0,3348,1902
2021-12-10,no.169,5.79,1736,323,06:27:24,06:15:26,00:11:58,0.92,277.4,0.09,0.0,0.9,268.9,3309,1872
2021-12-10,no.170,21.51,7503,7504,14:31:03,08:09:41,06:21:22,1.4,572.0,1.59,666.9,1.48,516.9,3306,1889
2024-09-13,no.171,11.8,1803,1803,11:20:45,06:13:02,05:07:43,0.95,260.7,1.15,312.9,1.04,158.9,3315,1875
2021-12-04,no.172,16.89,2839,2835,09:23:50,04:43:10,04:40:40,1.76,455.2,1.83,455.0,1.8,302.2,3333,1881
2021-11-03,no.173,6.92,538,1862,03:49:59,00:00:30,03:49:29,2.53,1644.3,1.8,486.9,1.8,140.5,3306,1963
2021-08-21,no.174,10.5,3328,3327,10:16:01,05:08:31,05:07:30,0.98,424.3,1.06,501.0,1.02,324.2,3344,1910
2021-04-30,no.175,14.47,1736,1739,09:39:39,05:40:36,03:59:03,1.28,290.3,1.81,383.0,1.5,179.8,3329,1882
2021-04-10,no.176,23.3,3498,3578,12:21:23,04:44:15,07:37:08,1.75,412.4,1.97,390.2,1.89,283.1,3330,1876
2017-07-08,no.177,17.46,3016,3029,09:44:38,06:07:23,03:37:15,1.53,298.3,2.24,726.2,1.79,309.6,3333,1881
2021-02-04,no.178,8.82,950,1057,03:19:01,01:22:26,01:56:35,2.71,423.9,2.62,385.3,2.66,286.6,2280,1887
2024-08-23,no.179,12.78,2848,2855,09:05:43,05:02:47,04:02:56,1.28,427.1,1.56,527.4,1.4,313.2,3338,1882
2024-06-29,no.180,22.21,2697,2412,10:32:50,06:18:33,04:14:17,2.42,343.6,1.64,459.2,2.11,255.8,3310,1609
2024-04-19,no.181,9.27,1499,1499,12:22:10,06:38:29,05:43:41,0.69,220.0,0.82,258.5,0.75,121.2,3357,1901
2024-03-16,no.182,17.64,2965,2892,08:29:19,04:34:18,03:55:01,2.07,480.2,2.09,482.8,2.08,349.4,3105,1891
2021-11-18,no.183,19.32,3170,2871,10:32:13,04:13:44,06:18:29,2.39,469.6,1.46,367.9,1.83,300.9,3316,1835
2023-10-22,no.184,5.77,1483,141,07:54:24,07:26:59,00:27:25,0.72,198.5,0.88,113.7,0.73,187.7,3302,1905
2019-01-29,no.185,5.33,1151,2581,03:03:58,00:04:13,02:59:45,0.02,44.4,1.78,861.6,1.74,375.6,3346,1913
2020-05-02,no.186,18.38,3514,2183,13:09:21,12:52:25,00:16:56,1.4,269.2,1.42,362.6,1.4,267.1,3331,1875
2022-09-09,no.187,21.24,9249,9235,11:37:27,06:24:07,05:13:20,1.69,860.4,1.99,957.6,1.83,795.7,3160,1681
2025-04-26,no.188,13.47,2152,2157,10:12:11,04:56:33,05:15:38,1.35,362.1,1.3,338.3,1.32,211.0,3314,1884
2023-04-21,no.189,4.43,323,730,02:01:43,00:30:25,01:31:18,1.13,293.7,2.53,445.0,2.18,159.6,2398,1896
2022-10-07,no.190,7.49,1414,1422,08:06:38,05:12:01,02:54:37,0.68,265.8,1.35,479.7,0.92,174.4,3294,1926
2022-10-07,no.191,7.49,1414,1422,08:06:38,05:12:01,02:54:37,0.68,265.8,1.35,479.7,0.92,174.4,3294,1926
2022-11-24,no.192,213.91,4721,6535,39:07:15,08:52:31,30:14:44,0.87,265.9,6.82,183.9,5.47,120.7,3331,-5
2024-08-27,no.193,11.34,2531,2457,08:02:05,04:59:20,03:02:45,1.23,407.3,1.7,607.5,1.41,315.0,3335,1906
2025-01-05,no.194,7.19,2436,1139,07:12:23,06:25:17,00:47:06,1.03,370.0,0.75,146.7,1.0,338.1,3329,1956
2022-08-15,no.195,17.99,2993,3006,23:26:53,05:38:54,17:47:59,1.03,332.0,0.68,143.9,0.77,127.6,3338,1885
2024-07-12,no.196,18.47,2986,2987,14:47:51,10:49:06,03:58:45,1.16,248.6,1.5,435.2,1.25,201.8,3332,1884
2016-06-26,no.197,5.19,169,1406,04:50:12,01:23:04,03:27:08,0.53,102.6,1.29,405.5,1.07,34.9,3267,1880
2024-07-13,no.198,16.45,2885,2879,11:18:50,07:18:07,04:00:43,1.19,318.8,1.93,492.3,1.45,255.0,3325,1886
2021-09-24,no.199,11.19,1676,1685,11:49:29,07:03:25,04:46:04,0.81,222.2,1.15,320.9,0.95,141.7,3309,1872
2020-08-14,no.200,8.03,3161,1683,05:12:32,05:11:58,00:00:34,1.54,607.6,1.45,440.8,1.54,606.9,3315,1835
2023-12-29,no.201,16.39,2897,2896,09:58:46,05:06:53,04:51:53,1.67,411.8,1.61,456.9,1.64,290.3,3326,1883
2023-05-08,no.202,17.81,1832,1813,11:54:07,07:16:58,04:37:09,1.44,239.9,1.58,324.4,1.5,154.0,3311,1874
2022-11-15,no.203,10.12,2559,1131,05:58:26,05:57:51,00:00:35,1.7,429.0,1.53,170.7,1.69,428.4,3321,1883
2022-09-16,no.204,12.76,11076,11217,11:35:37,05:17:32,06:18:05,1.12,1469.0,1.08,742.1,1.1,955.4,3136,1736
2022-08-19,no.205,17.57,3133,3131,11:57:25,06:57:48,04:59:37,1.35,360.8,1.63,410.5,1.47,262.1,3329,1881
2022-06-25,no.206,14.55,2035,2035,07:38:22,04:08:19,03:30:03,1.86,440.7,1.96,466.4,1.9,266.5,3317,1887
2022-06-24,no.207,11.0,1529,1524,09:30:03,04:26:55,05:03:08,1.2,316.8,1.12,286.9,1.16,160.9,3249,1908
2021-11-13,no.208,15.96,2478,2475,11:26:47,06:53:34,04:33:13,1.32,307.2,1.51,388.5,1.39,216.5,3319,1888
2024-12-28,no.209,12.41,2615,2643,12:59:36,06:41:14,06:18:22,0.79,259.7,1.13,365.4,0.95,201.3,3313,1871
2021-02-01,no.210,14.66,7398,7151,09:57:08,06:53:31,03:03:37,1.35,882.2,1.74,859.0,1.47,743.4,3291,1734
2024-11-30,no.211,22.54,4375,4368,13:46:03,09:14:26,04:31:37,1.42,366.9,2.09,532.7,1.64,317.8,3338,1879
2022-08-27,no.212,1.83,317,224,09:18:27,00:54:46,08:23:41,1.99,347.3,0.0,0.0,0.2,34.1,1989,1872
2025-05-30,no.213,13.73,2204,2197,09:46:42,04:51:25,04:55:17,1.55,404.5,1.26,336.8,1.4,225.5,3314,1889
2022-11-12,no.214,6.73,2572,1148,04:39:56,04:38:09,00:01:47,1.45,553.8,0.36,277.4,1.44,551.4,3323,1892
2023-04-21,no.215,12.2,1950,1975,12:59:01,04:38:03,08:20:58,1.18,359.3,0.81,206.8,0.94,150.2,3310,1868
2022-09-17,no.216,6.7,319,1720,04:40:46,00:00:00,04:40:46,0,0,1.43,367.7,1.43,68.3,3300,1879
2023-02-18,no.217,5.2,182,1547,03:36:51,00:32:10,03:04:41,0.58,116.5,1.59,502.6,1.44,50.5,3324,1891
2024-06-30,no.218,5.83,483,1816,03:54:47,00:00:30,03:54:17,0.89,322.3,1.49,465.0,1.49,123.6,3311,1956
2021-11-02,no.219,7.48,2045,620,04:53:12,04:52:22,00:00:50,1.53,419.7,0.44,116.6,1.53,418.6,3316,1890
2024-01-20,no.220,5.68,666,2022,04:04:03,00:00:00,04:04:03,0,0,1.4,497.2,1.4,163.8,3325,1948
2023-06-21,no.221,17.16,3776,3785,12:45:49,05:09:18,07:36:31,1.26,400.6,1.4,411.2,1.34,295.8,3310,1871
2020-04-24,no.222,17.58,4676,4686,11:16:00,08:40:27,02:35:33,1.49,491.9,1.81,673.1,1.56,415.0,3298,1963
2023-12-06,no.223,27.24,4869,4836,26:44:14,23:25:00,03:19:14,0.83,186.0,2.38,580.9,1.02,182.1,3338,1883
2019-09-16,no.224,5.87,1991,566,09:23:06,09:14:14,00:08:52,0.61,214.6,1.58,445.1,0.63,212.2,3335,1849
2019-09-17,no.225,12.35,1852,2778,09:23:35,05:12:42,04:10:53,1.27,269.5,1.37,447.1,1.31,197.2,3333,1894
2023-11-26,no.226,16.61,4108,2730,25:18:23,25:04:02,00:14:21,0.65,162.6,1.35,342.0,0.66,162.3,3334,1881
2021-11-19,no.227,22.95,4853,4771,14:05:08,05:13:09,08:51:59,1.55,449.8,1.68,435.4,1.63,344.6,3330,1881
2022-06-17,no.228,22.91,3800,3728,11:56:23,04:28:25,07:27:58,1.83,457.1,1.97,417.1,1.92,318.3,3335,1889
2018-05-19,no.229,18.28,4174,4226,30:41:00,20:05:57,10:35:03,0.31,109.6,1.13,322.6,0.6,136.0,3351,1894
2022-08-25,no.230,26.53,4302,4315,33:06:34,06:06:10,27:00:24,1.41,350.2,0.66,133.3,0.8,129.9,3329,1885
2021-11-06,no.231,20.2,3022,3021,11:57:17,09:16:05,02:41:12,1.53,293.7,2.23,644.9,1.69,252.8,3328,1882
2023-06-25,no.232,21.04,3120,3117,11:01:01,06:19:40,04:41:21,1.74,375.1,2.14,463.6,1.91,283.2,3333,1888
2024-07-19,no.233,11.81,1621,1621,08:19:25,04:51:09,03:28:16,1.16,316.5,1.78,437.4,1.42,194.8,3314,1876
2025-05-30,no.234,17.86,2495,2497,10:12:56,05:44:34,04:28:22,1.61,352.0,1.93,425.0,1.75,244.3,3324,1878
2023-12-09,no.235,11.75,1828,1859,09:45:13,06:16:37,03:28:36,0.96,264.8,1.64,465.4,1.2,187.4,3328,1874
2023-11-15,no.236,12.91,2765,2760,09:44:16,05:21:25,04:22:51,1.15,386.0,1.54,482.5,1.33,284.0,3346,1919
2023-11-04,no.237,9.61,3773,1884,11:24:27,06:12:04,05:12:23,0.71,563.8,1.0,326.1,0.84,330.7,3310,0
2023-10-29,no.238,14.62,2608,2603,10:51:24,06:32:58,04:18:26,0.98,287.3,1.9,504.3,1.35,240.3,3342,1884
2023-10-24,no.239,13.21,2850,2851,09:03:31,04:50:35,04:12:56,1.34,422.2,1.59,527.6,1.46,314.7,3310,1871
2023-10-14,no.240,18.11,3535,3537,11:30:48,06:33:30,04:57:18,1.54,399.9,1.62,472.8,1.57,307.1,3324,1881
2023-09-28,no.241,13.87,2674,2763,06:59:41,03:46:47,03:12:54,1.86,524.2,2.13,662.8,1.98,382.3,3333,1885
2023-08-12,no.242,15.59,2316,2329,09:16:52,04:52:26,04:24:26,1.64,387.9,1.72,419.1,1.68,249.6,3317,1889
2023-07-01,no.243,13.71,2311,2311,08:44:49,05:19:31,03:25:18,1.37,370.9,1.87,515.8,1.57,264.3,3325,1887
2023-06-25,no.244,16.78,2834,2837,11:00:26,06:08:16,04:52:10,1.49,360.4,1.57,422.4,1.52,257.5,3336,1885
2024-11-24,no.245,14.25,2876,2881,11:56:09,05:47:25,06:08:44,1.2,358.0,1.19,363.0,1.19,241.0,3324,1882
2023-06-07,no.246,9.79,2301,2248,07:56:19,04:31:40,03:24:39,1.1,409.5,1.41,527.1,1.23,289.8,3310,1906
2023-05-28,no.247,11.12,4852,4831,10:28:03,05:47:54,04:40:09,1.02,560.6,1.11,648.1,1.06,463.6,3338,1874
2023-05-28,no.248,16.71,2611,2602,10:27:37,05:13:25,05:14:12,1.51,383.0,1.68,387.3,1.6,249.7,3322,1888
2023-05-20,no.249,13.86,2448,2376,07:46:44,04:51:59,02:54:45,1.66,423.9,1.99,599.3,1.78,314.8,3331,1889
2023-04-27,no.250,16.76,2617,2606,12:23:31,06:34:21,05:49:10,1.31,323.9,1.4,326.0,1.35,211.2,3314,1890
2023-04-16,no.251,14.33,2746,2738,12:15:29,07:11:01,05:04:28,1.04,309.6,1.35,383.0,1.17,224.1,3329,1884
2023-03-18,no.252,11.61,9009,9007,09:46:45,05:47:08,03:59:37,1.01,899.3,1.45,1311.6,1.19,921.3,3348,1905
2023-02-07,no.253,10.34,1719,1699,07:44:43,04:30:05,03:14:38,1.16,352.7,1.57,476.1,1.33,222.0,3310,1877
2022-11-26,no.254,18.15,2954,3066,09:29:45,05:54:02,03:35:43,1.26,389.3,2.98,616.0,1.91,311.2,3335,1774
2022-11-19,no.255,19.71,2512,2654,10:08:30,04:54:24,05:14:06,1.44,406.5,2.41,403.0,1.94,247.7,3318,1726
2025-01-18,no.256,18.51,2811,2937,06:18:31,03:14:09,03:04:22,2.36,641.1,3.54,745.5,2.93,445.7,3324,1770
2022-10-21,no.257,13.5,1783,1790,08:15:28,04:18:11,03:57:17,1.45,378.2,1.84,402.6,1.63,215.9,3325,1881
2022-09-22,no.258,10.8,1998,1999,09:31:25,04:54:22,04:37:03,1.01,333.5,1.26,385.5,1.13,209.8,3310,1872
2022-09-19,no.259,10.87,1627,1624,11:06:49,06:25:05,04:41:44,0.79,235.9,1.24,325.4,0.98,146.4,3308,1871
2022-09-16,no.260,20.53,3296,3289,12:44:49,07:25:45,05:19:04,1.39,324.0,1.92,435.0,1.61,258.6,3322,1886
2022-09-16,no.261,16.6,2850,2885,12:51:57,06:52:40,05:59:17,1.04,304.5,1.58,371.7,1.29,221.6,3324,1851
2022-09-09,no.262,19.15,3378,3374,12:18:56,07:02:00,05:16:56,1.55,348.6,1.56,446.4,1.55,274.3,3332,1888
2022-08-20,no.263,10.66,2267,2273,10:38:15,06:30:11,04:08:04,0.82,274.8,1.28,460.5,1.0,213.1,3310,1872
2020-07-22,no.264,11.07,3121,3119,07:49:14,05:11:30,02:37:44,1.16,394.7,1.93,946.0,1.41,399.1,3345,1893
2022-07-26,no.265,13.42,2318,2310,08:52:59,05:45:56,03:07:03,1.27,356.1,1.96,515.7,1.51,261.0,3329,1952
2022-07-12,no.266,13.28,3220,3217,10:35:46,06:45:51,03:49:55,0.98,383.9,1.74,535.2,1.25,303.9,3324,1880
2024-12-28,no.267,24.16,5668,5672,13:00:55,06:46:50,06:14:05,1.68,599.6,2.04,488.8,1.86,435.5,3338,1882
2021-11-05,no.268,13.05,1664,1538,07:15:31,04:10:47,03:04:44,1.56,381.4,2.12,478.1,1.8,229.4,3325,1797
2022-06-04,no.269,18.13,3211,3209,11:56:25,06:51:28,05:04:57,1.48,375.8,1.57,406.8,1.52,268.9,3332,1886
2022-06-03,no.270,11.01,1646,1655,08:25:24,04:40:58,03:44:26,1.17,332.0,1.48,407.0,1.31,195.5,3316,1884
2022-04-29,no.271,17.37,6224,6223,11:44:30,05:48:41,05:55:49,1.45,739.0,1.51,566.6,1.48,530.1,3326,1851
2022-04-30,no.272,14.06,2190,2190,07:46:08,04:39:14,03:06:54,1.64,407.0,2.07,550.7,1.81,281.9,3324,1887
2022-04-22,no.273,15.63,2494,2501,08:17:56,05:38:28,02:39:28,1.47,375.0,2.76,681.9,1.88,300.6,3323,1882
2022-04-03,no.274,28.16,3714,3705,11:29:46,06:37:01,04:52:45,2.38,422.9,2.54,475.5,2.45,323.2,3307,1889
2022-03-14,no.275,13.81,4572,2679,13:11:07,06:13:29,06:57:38,1.25,660.2,0.87,271.1,1.05,346.8,3326,9
2022-02-27,no.276,14.14,6257,6169,10:03:17,06:32:38,03:30:39,1.35,741.8,1.51,776.9,1.41,622.4,3308,1892
2022-02-03,no.277,13.67,2123,2125,08:10:53,04:17:58,03:52:55,1.61,410.6,1.74,459.2,1.67,259.6,3319,1888
2024-12-07,no.278,24.36,2837,2841,09:42:30,05:49:33,03:52:57,2.51,383.6,2.5,527.7,2.51,292.3,3343,1881
2021-12-09,no.279,11.42,2250,2248,09:54:46,05:02:51,04:51:55,1.16,360.8,1.14,379.6,1.15,227.0,3310,1872
2021-12-04,no.280,6.19,2193,819,05:02:32,04:56:12,00:06:20,1.23,442.0,1.2,113.7,1.23,434.9,3310,1934
2021-11-20,no.281,13.97,2173,2186,07:53:40,04:58:31,02:55:09,1.45,383.6,2.31,582.8,1.77,275.3,3323,1884
2021-09-25,no.282,12.94,2383,2385,09:52:14,05:39:19,04:12:55,1.26,375.5,1.38,398.8,1.31,241.4,3315,1890
2021-08-27,no.283,11.3,2499,2499,11:17:41,06:01:09,05:16:32,0.87,292.1,1.15,410.4,1.0,221.3,3310,1872
2021-04-30,no.284,12.56,1500,1490,09:57:04,05:44:26,04:12:38,1.12,249.2,1.46,337.0,1.26,150.8,3264,1889
2021-04-18,no.285,16.24,2640,2636,11:50:46,05:47:23,06:03:23,1.52,372.6,1.23,313.8,1.37,222.9,3317,1885
2017-07-08,no.286,17.46,3016,3029,09:44:38,06:07:23,03:37:15,1.53,298.3,2.24,726.2,1.79,309.6,3333,1881
2024-07-19,no.287,13.31,2562,2577,09:44:42,06:44:41,03:00:01,1.1,327.5,1.96,595.4,1.37,263.0,3325,1885
2024-07-05,no.288,15.94,2481,2484,10:44:58,06:42:57,04:02:01,1.32,322.6,1.75,435.3,1.48,230.9,3338,1885
2024-05-18,no.289,15.11,3394,3384,06:22:57,03:56:16,02:26:41,2.06,680.0,2.87,875.8,2.37,531.9,3327,1877
2024-01-05,no.290,11.72,3272,3287,10:12:53,06:53:43,03:19:10,0.94,341.1,1.59,704.9,1.15,320.4,3324,1892
2022-07-30,no.291,8.33,1996,598,03:35:01,03:32:30,00:02:31,2.33,563.2,1.75,57.2,2.32,557.1,3300,1880
2023-04-23,no.292,14.45,3475,3479,12:37:53,06:43:09,05:54:44,1.11,382.1,1.18,396.8,1.14,275.1,3330,1881
2023-04-23,no.293,7.35,2250,830,06:16:46,06:16:16,00:00:30,1.17,358.9,0.23,276.1,1.17,358.4,3317,1887
2022-11-03,no.294,16.33,2629,2626,10:26:45,05:15:56,05:10:49,1.75,422.7,1.38,355.5,1.56,251.8,3327,1884
2023-04-24,no.295,8.23,924,2315,05:06:59,00:01:34,05:05:25,0.6,905.0,1.61,454.5,1.61,180.8,3313,1891
2017-09-19,no.296,13.97,2125,2136,10:52:22,06:37:29,04:14:53,1.22,298.3,1.38,372.4,1.29,195.4,3357,1757
2021-12-11,no.297,25.04,3906,3896,11:12:16,07:07:49,04:04:27,2.31,444.9,2.1,527.9,2.23,348.7,3325,1885
2025-04-04,no.298,7.6,1775,1776,04:04:17,02:01:49,02:02:28,1.64,520.4,2.09,694.2,1.87,436.1,2594,1871
2025-05-30,no.299,17.86,2495,2497,10:12:56,05:44:34,04:28:22,1.61,352.0,1.93,425.0,1.75,244.3,3324,1878
2021-11-03,no.300,18.21,2237,2249,12:55:47,07:43:27,05:12:20,1.15,241.6,1.8,333.5,1.41,173.1,3323,1957
2020-10-24,no.301,13.5,2865,2874,11:10:55,07:02:33,04:08:22,1.02,337.7,1.52,458.1,1.21,256.3,3304,1889
2021-08-13,no.302,17.48,4694,4586,10:20:45,06:01:59,04:18:46,1.54,516.2,1.89,695.1,1.69,453.8,3314,1788
2024-12-07,no.303,13.04,2621,2631,08:15:45,04:29:33,03:46:12,1.47,462.7,1.71,523.5,1.58,317.3,3323,1886
2023-06-09,no.304,15.52,3535,3552,08:45:49,04:43:51,04:01:58,1.75,540.2,1.79,592.6,1.77,403.5,3326,1886
2024-04-13,no.305,11.6,2586,2586,08:29:06,04:18:32,04:10:34,1.4,477.2,1.33,438.4,1.37,304.8,3196,1872
2021-09-18,no.306,15.78,6286,6295,10:12:50,05:54:41,04:18:09,1.44,567.1,1.69,1018.5,1.54,615.5,3342,1726
2024-03-09,no.307,13.14,1923,1923,07:52:44,04:30:55,03:21:49,1.55,352.4,1.83,410.3,1.67,244.1,2950,1888
2021-11-20,no.308,12.44,3507,3533,08:15:05,04:23:43,03:51:22,1.4,674.6,1.63,507.9,1.51,425.0,3315,1895
2022-06-03,no.309,12.47,1580,2166,07:18:51,03:16:25,04:02:26,1.57,370.0,1.81,440.9,1.71,216.0,3321,1892
2025-04-03,no.310,13.96,2921,2954,10:41:32,05:36:21,05:05:11,1.28,376.4,1.33,442.1,1.31,273.2,3325,1880
2022-12-03,no.311,6.84,356,1771,03:55:17,00:00:29,03:54:48,2.22,1280.1,1.74,451.7,1.74,91.0,3318,1890
2024-06-19,no.312,12.9,1325,2729,10:07:33,00:04:45,10:02:48,3.2,618.9,1.26,268.0,1.27,130.9,3310,1871
2023-07-15,no.313,16.82,2137,2127,07:18:40,03:53:45,03:24:55,2.31,486.5,2.29,487.6,2.3,292.4,3324,1884
2023-03-24,no.314,17.36,3483,3469,10:01:09,06:16:09,03:45:00,1.52,463.9,2.09,534.4,1.73,347.7,3325,1876
2025-04-27,no.315,13.0,1677,1676,07:09:09,04:16:42,02:52:27,1.58,366.3,2.17,534.6,1.82,234.5,3322,1882
2022-12-31,no.316,17.65,4099,4095,08:58:57,05:26:50,03:32:07,1.83,570.9,2.17,681.4,1.97,456.4,3320,1884
2024-03-16,no.317,15.56,3554,3554,11:08:34,07:05:45,04:02:49,1.22,378.1,1.7,566.9,1.4,319.0,3322,1884
2023-11-20,no.318,17.89,2849,2857,12:12:42,05:54:17,06:18:25,1.56,388.6,1.37,313.6,1.47,233.4,3319,1890
2022-08-02,no.319,18.0,3610,3595,11:40:56,07:20:10,04:20:46,1.36,399.6,1.84,485.1,1.54,309.1,3336,1884
2022-01-01,no.320,3.26,1250,1303,01:59:03,00:51:59,01:07:04,1.16,683.4,2.02,828.6,1.64,630.1,2131,1843
2022-10-09,no.321,14.32,2607,2689,10:12:09,06:28:34,03:43:35,1.11,333.8,1.91,501.3,1.4,255.5,3320,1890
2024-06-19,no.322,20.92,3501,3489,12:09:17,05:27:03,06:42:14,1.54,403.6,1.87,406.5,1.72,288.1,3328,1884
2022-08-05,no.323,15.44,3063,3066,26:49:26,06:49:54,19:59:32,0.93,272.7,0.46,131.9,0.58,114.2,3325,1881
2022-07-16,no.324,22.2,3616,3622,11:44:33,04:41:00,07:03:33,1.81,478.2,1.94,396.9,1.89,307.9,3325,1885
2022-04-30,no.325,28.48,4462,4384,13:28:04,06:56:22,06:31:42,1.81,372.0,2.44,494.0,2.11,331.3,3317,1896
2022-08-05,no.326,15.44,3063,3066,26:49:26,06:49:54,19:59:32,0.93,272.7,0.46,131.9,0.58,114.2,3325,1881
2022-08-14,no.327,26.85,5215,5221,30:15:14,09:25:02,20:50:12,1.24,330.8,0.73,170.1,0.89,172.4,3339,1888
2021-11-07,no.328,25.96,3455,3440,11:44:57,05:41:13,06:03:44,1.7,393.3,2.68,437.6,2.21,294.1,3335,1885
2022-10-01,no.329,17.57,3758,3754,12:53:18,04:49:06,08:04:12,1.23,417.4,1.44,391.7,1.36,291.6,3310,1872
2022-06-13,no.330,15.39,3210,2890,16:09:04,07:38:44,08:30:20,1.14,303.3,0.78,234.5,0.95,198.8,3323,1900
2014-06-11,no.331,19.41,2626,2629,33:42:36,21:36:06,12:06:30,0.32,78.7,1.03,191.2,0.58,77.9,3288,1883
2021-08-29,no.332,14.51,1835,1830,13:37:08,05:50:34,07:46:34,0.89,244.9,1.19,224.2,1.07,134.8,3265,1914
2020-06-22,no.333,21.03,4965,4968,28:11:04,06:36:47,21:34:17,1.32,474.6,0.57,149.8,0.75,176.2,3306,1888
2024-03-16,no.334,16.92,3100,3181,10:49:50,05:31:40,05:18:10,1.53,374.2,1.59,463.8,1.56,286.3,3324,1889
2020-10-09,no.335,22.62,3942,3941,18:28:40,07:42:45,10:45:55,0.97,247.7,1.41,319.7,1.22,213.4,3335,1234
2022-10-27,no.336,38.5,6095,5441,-52:45:46,-34:25:11,-18:20:35,-0.54,-111.8,-1.16,-203.9,-0.75,-119.0,3326,1265
2024-12-09,no.337,6.21,1655,832,05:37:31,05:37:31,00:00:00,1.1,294.3,0,0,1.1,294.3,2905,2068
2024-12-09,no.338,8.01,1014,1966,05:58:58,02:15:36,03:43:22,1.31,340.3,1.36,428.5,1.34,169.5,3317,1967
2023-04-09,no.339,10.71,1680,1688,28:29:58,06:58:34,21:31:24,0.73,221.1,0.26,72.5,0.38,59.0,3307,1879
2025-04-18,no.340,8.13,1817,1820,09:35:47,05:42:32,03:53:15,0.69,295.9,1.08,380.7,0.85,189.4,3309,1935
2023-08-11,no.341,14.89,2808,2805,12:05:22,06:52:17,05:13:05,1.04,316.5,1.48,393.2,1.23,232.3,3330,1889
2022-11-05,no.342,21.41,3472,3467,11:42:36,05:57:33,05:45:03,1.78,392.3,1.88,446.9,1.83,296.5,3332,1872
2025-01-17,no.343,15.03,3309,3316,13:13:18,06:35:19,06:37:59,1.16,358.8,1.11,359.4,1.14,250.3,3331,1881
2024-09-27,no.344,24.0,3940,3932,29:20:41,07:05:51,22:14:50,2.09,478.5,0.41,89.2,0.82,134.3,3351,1883
2021-11-14,no.345,12.4,4547,4323,09:14:29,06:29:00,02:45:29,1.08,510.7,1.96,954.5,1.34,492.1,3329,1709
2022-04-17,no.346,16.27,3502,3497,14:10:16,05:22:33,08:47:43,1.02,351.8,1.23,344.6,1.15,247.1,3310,1872
2024-09-18,no.347,20.71,3642,3636,18:21:30,07:11:56,11:09:34,1.42,342.4,0.94,231.8,1.13,198.4,3310,1871
2022-04-14,no.348,12.51,3001,1606,09:15:03,09:07:16,00:07:47,1.35,326.0,1.42,331.2,1.35,324.4,3321,1911
2021-04-30,no.349,22.37,4314,4306,50:14:22,30:08:32,20:05:50,0.41,102.8,0.5,140.8,0.45,85.9,3510,1872
2021-04-30,no.350,20.79,2814,2463,48:44:51,30:15:15,18:29:36,0.47,84.7,0.36,82.4,0.43,57.7,3522,1893
2025-04-03,no.351,22.35,3614,3613,09:22:49,05:56:15,03:26:34,2.1,473.7,2.86,648.4,2.38,385.4,3322,1881
2022-10-01,no.352,76.85,6868,7017,34:46:23,26:57:02,07:49:21,1.32,179.1,5.26,488.6,2.21,197.5,3531,1710
2019-11-09,no.353,22.19,2717,2717,30:42:06,08:22:27,22:19:39,1.34,256.6,0.49,96.4,0.72,88.5,3475,1876
2023-04-15,no.354,24.96,3375,3382,11:41:41,06:46:36,04:55:05,2.11,378.3,2.17,455.4,2.13,288.7,3327,1887
2022-08-07,no.355,6.88,1745,375,05:54:40,05:48:30,00:06:10,1.14,300.0,2.46,437.8,1.16,295.3,3306,1883
2018-12-15,no.356,14.85,1919,1920,31:12:29,05:35:36,25:36:53,0.95,260.5,0.37,72.0,0.48,61.5,3274,1875
2022-10-08,no.357,23.41,3204,3204,15:59:12,11:47:08,04:12:04,1.35,239.9,1.77,425.4,1.46,200.5,3315,1890
2022-10-08,no.358,23.41,3204,3204,15:59:12,11:47:08,04:12:04,1.35,239.9,1.77,425.4,1.46,200.5,3315,1890
2022-10-08,no.359,23.41,3204,3204,15:59:12,11:47:08,04:12:04,1.35,239.9,1.77,425.4,1.46,200.5,3315,1890
2020-08-14,no.360,17.88,3456,3459,11:26:24,05:00:37,06:25:47,1.27,424.6,1.79,425.3,1.56,302.1,3306,1887
2023-08-24,no.361,19.7,3763,3762,14:27:32,05:01:17,09:26:15,1.73,403.3,1.17,335.9,1.36,260.3,3336,1885
2021-11-14,no.362,21.9,3980,3981,13:36:14,06:04:47,07:31:27,1.29,379.7,1.87,411.7,1.61,292.6,3323,1889
2023-03-14,no.363,25.36,3381,3563,14:09:50,06:25:33,07:44:17,1.27,358.5,2.22,351.3,1.79,238.8,3352,1704
2023-02-16,no.364,30.31,4073,4067,52:05:53,24:16:35,27:49:18,0.49,100.9,0.67,116.4,0.58,78.2,3519,1886
2021-02-06,no.365,12.85,2521,2513,13:28:37,09:06:03,04:22:34,0.84,241.3,1.2,400.1,0.95,187.1,3351,1908
2021-11-02,no.366,29.95,6615,6600,33:12:29,10:41:12,22:31:17,1.44,398.1,0.65,177.5,0.9,199.2,3549,1894
2020-11-13,no.367,25.38,3431,3439,31:59:10,07:08:52,24:50:18,1.15,268.1,0.69,118.2,0.79,107.3,3309,1872
2024-08-24,no.368,19.41,2918,2919,10:28:38,05:32:05,04:56:33,1.94,388.0,1.75,445.0,1.85,278.5,3324,1888
2024-12-14,no.369,11.63,2403,2410,11:16:28,06:43:11,04:33:17,0.9,306.0,1.22,388.8,1.03,213.1,3313,1871
2025-03-27,no.370,38.75,5443,5619,49:53:51,08:32:49,41:21:02,1.08,275.0,0.71,118.3,0.78,109.1,3515,1716
2018-07-21,no.371,16.16,2207,2158,33:50:26,07:53:26,25:57:00,0.71,195.0,0.41,81.1,0.48,65.2,3333,1848
2022-07-01,no.372,20.89,2466,2486,10:23:58,03:05:54,07:18:04,1.8,479.9,2.1,332.3,2.01,237.1,3331,1880
2018-12-19,no.373,12.84,2190,657,09:06:07,09:06:07,00:00:00,1.41,240.7,0,0,1.41,240.7,3268,1734
2023-07-07,no.374,18.37,3138,3142,12:01:45,03:47:26,08:14:19,1.57,500.7,1.51,323.0,1.53,260.9,3310,1872
2023-07-21,no.375,15.05,2850,2780,10:48:44,06:16:23,04:32:21,1.37,340.1,1.43,457.4,1.39,263.6,3325,1887
2019-10-26,no.376,16.27,2006,2010,31:26:16,07:16:49,24:09:27,0.67,198.1,0.47,81.7,0.52,63.8,3306,1888
2024-10-09,no.377,32.14,5494,5849,55:08:42,05:25:08,49:43:34,1.32,339.4,0.5,109.3,0.58,99.6,3323,1265
2024-01-19,no.378,7.43,2770,1331,04:01:58,03:59:34,00:02:24,1.86,692.3,0.56,166.2,1.84,687.1,3332,1877
2023-10-21,no.379,16.05,4437,4439,13:32:31,08:01:36,05:30:55,1.06,409.8,1.37,468.7,1.19,327.7,3334,1879
2021-04-16,no.380,18.77,3064,2969,11:47:09,06:48:53,04:58:16,1.54,357.9,1.66,394.7,1.59,260.0,3327,1884
2023-10-27,no.381,1.62,186,256,11:17:06,09:54:00,01:23:06,0.01,1.2,1.12,181.3,0.14,16.5,1985,1886
2018-10-22,no.382,5.4,1646,270,08:10:06,08:01:15,00:08:51,0.64,205.1,1.65,349.8,0.66,201.6,3328,1870
2018-08-18,no.383,6.79,1737,344,06:37:15,06:29:15,00:08:00,1.0,266.4,2.35,300.0,1.03,262.4,3300,1875
2022-07-15,no.384,14.69,1919,1915,08:22:28,06:05:37,02:16:51,1.55,304.2,2.3,651.7,1.75,229.2,3315,1883
2022-11-11,no.385,16.13,6060,6066,14:23:43,07:33:04,06:50:39,1.16,590.2,1.08,441.0,1.12,421.0,3310,1872
2022-09-16,no.386,17.73,3289,3279,12:45:18,07:08:49,05:36:29,1.25,343.0,1.56,403.2,1.39,257.9,3325,1888
2022-02-25,no.387,23.97,3511,3052,119:09:46,100:19:27,18:50:19,0.18,33.9,0.32,81.4,0.2,29.5,3308,1250
2024-06-28,no.388,6.99,2286,859,05:46:54,05:46:48,00:00:06,1.21,395.5,0.89,346.4,1.21,395.4,3318,1891
2022-06-25,no.389,16.52,5868,5867,14:02:45,07:13:39,06:49:06,1.13,548.8,1.22,490.8,1.18,417.8,3352,1862
2022-07-23,no.390,20.49,2966,2972,16:01:16,07:06:03,08:55:13,1.41,286.8,1.18,285.7,1.28,185.2,3508,1876
2022-09-24,no.391,16.08,2438,3710,10:41:40,04:44:47,05:56:53,1.36,287.2,1.62,421.3,1.5,228.0,3332,1894
2022-10-28,no.392,12.9,5465,5481,12:11:21,06:12:53,05:58:28,1.05,641.0,1.07,489.1,1.06,448.4,3313,1873
